{"cameraMode":{"drawMode":0,"name":"Shaded","section":"Shading Mode"},"sceneLighting":true,"audioPlay":false,"sceneViewState":{"m_AlwaysRefresh":false,"showFog":true,"showSkybox":true,"showFlares":true,"showImageEffects":true,"showParticleSystems":true,"showVisualEffectGraphs":true,"m_FxEnabled":true},"in2DMode":false,"pivot":{"x":302.3555603027344,"y":170.4379119873047,"z":-130.95266723632813},"rotation":{"x":0.0018095998093485833,"y":-0.0015049469657242299,"z":0.000002667191665750579,"w":0.9999982118606567},"size":1.030785322189331,"orthographic":false}